{"cameraMode":{"drawMode":0,"name":"Shaded","section":"Shading Mode"},"sceneLighting":true,"audioPlay":false,"sceneViewState":{"m_AlwaysRefresh":false,"showFog":true,"showSkybox":true,"showFlares":true,"showImageEffects":true,"showParticleSystems":true,"showVisualEffectGraphs":true,"m_FxEnabled":true},"in2DMode":false,"pivot":{"x":-45.15546417236328,"y":1.0601534843444825,"z":0.05100846290588379},"rotation":{"x":0.02051250822842121,"y":-0.1265222281217575,"z":-0.0027127335779368879,"w":-0.9916899800300598},"size":2.3650643825531008,"orthographic":false}