{"cameraMode":{"drawMode":0,"name":"Shaded","section":"Shading Mode"},"sceneLighting":true,"audioPlay":false,"sceneViewState":{"m_AlwaysRefresh":false,"showFog":true,"showSkybox":true,"showFlares":true,"showImageEffects":true,"showParticleSystems":true,"showVisualEffectGraphs":true,"m_FxEnabled":true},"in2DMode":false,"pivot":{"x":-19.89933967590332,"y":11.474409103393555,"z":9.362628936767579},"rotation":{"x":-0.10803606361150742,"y":-0.03221140801906586,"z":0.0034152688458561899,"w":-0.9935712814331055},"size":33.32508850097656,"orthographic":false}