{"cameraMode":{"drawMode":0,"name":"Shaded","section":"Shading Mode"},"sceneLighting":false,"audioPlay":false,"sceneViewState":{"m_AlwaysRefresh":false,"showFog":true,"showSkybox":false,"showFlares":true,"showImageEffects":true,"showParticleSystems":true,"showVisualEffectGraphs":true,"m_FxEnabled":true},"in2DMode":false,"pivot":{"x":-44.592281341552737,"y":2.7822728157043459,"z":-0.8887290954589844},"rotation":{"x":-0.022805914282798768,"y":-0.01139689888805151,"z":0.00019366868946235627,"w":-0.9995798468589783},"size":3.136509656906128,"orthographic":false}